{
    "DepthAnythingV2-vitb": {
        "vf_shift": {
            "median_pose_err": 136.68081989278076,
            "median_f_err": 1.4277064043641683,
            "pose_mAA_10": 2.7449999999999997,
            "pose_mAA_5": 1.535,
            "pose_mAA_3": 0.9249999999999999,
            "f_mAA_10": 4.7,
            "f_mAA_5": 2.31,
            "f_mAA_3": 1.333333333333333,
            "mean_runtime": 102.147261817,
            "mean_inliers": 0.7141964462938462,
            "mean_mde_runtime": 56.695215797500005
        }
    },
    "DepthAnythingV2-vitl": {
        "vf_shift": {
            "median_pose_err": 137.9684756703858,
            "median_f_err": 1.1816600787769818,
            "pose_mAA_10": 1.6575,
            "pose_mAA_5": 0.765,
            "pose_mAA_3": 0.35,
            "f_mAA_10": 3.0574999999999997,
            "f_mAA_5": 1.3349999999999997,
            "f_mAA_3": 0.7166666666666666,
            "mean_runtime": 105.36161945575,
            "mean_inliers": 0.6908661812883166,
            "mean_mde_runtime": 128.60231487624998
        }
    },
    "DepthAnythingV2-vits": {
        "vf_shift": {
            "median_pose_err": 137.25729573901003,
            "median_f_err": 1.1975701582144296,
            "pose_mAA_10": 2.9199999999999995,
            "pose_mAA_5": 1.6800000000000002,
            "pose_mAA_3": 1.0916666666666666,
            "f_mAA_10": 4.9125,
            "f_mAA_5": 2.355,
            "f_mAA_3": 1.4333333333333331,
            "mean_runtime": 98.39836412875,
            "mean_inliers": 0.7169289330368148,
            "mean_mde_runtime": 38.26438444875
        }
    },
    "DepthAnythingV3-DA3METRIC-LARGE": {
        "vf_shift": {
            "median_pose_err": 8.202785988439366,
            "median_f_err": 0.1270835681270439,
            "pose_mAA_10": 34.335,
            "pose_mAA_5": 19.405,
            "pose_mAA_3": 11.375,
            "f_mAA_10": 25.020000000000003,
            "f_mAA_5": 14.2,
            "f_mAA_3": 9.108333333333334,
            "mean_runtime": 112.01380397474999,
            "mean_inliers": 0.8695827501630312,
            "mean_mde_runtime": 57.823051225
        }
    },
    "DepthAnythingV3-DA3MONO-LARGE": {
        "vf_shift": {
            "median_pose_err": 6.48422517802031,
            "median_f_err": 0.09779620346529244,
            "pose_mAA_10": 41.06999999999999,
            "pose_mAA_5": 25.900000000000002,
            "pose_mAA_3": 17.05833333333333,
            "f_mAA_10": 30.795000000000005,
            "f_mAA_5": 18.080000000000002,
            "f_mAA_3": 12.083333333333334,
            "mean_runtime": 97.9652779405,
            "mean_inliers": 0.8802430416398466,
            "mean_mde_runtime": 54.9912709175
        }
    },
    "DepthAnythingV3Calib-DA3METRIC-LARGE": {
        "vf_shift": {
            "median_pose_err": 8.101647230685323,
            "median_f_err": 0.12818675142727282,
            "pose_mAA_10": 34.26250000000001,
            "pose_mAA_5": 19.295,
            "pose_mAA_3": 11.325000000000001,
            "f_mAA_10": 24.912499999999998,
            "f_mAA_5": 14.069999999999999,
            "f_mAA_3": 8.933333333333334,
            "mean_runtime": 106.2107060655,
            "mean_inliers": 0.8695952093113176,
            "mean_mde_runtime": 54.808556210000006
        }
    },
    "DepthAnythingV3Calib-DA3MONO-LARGE": {
        "vf_shift": {
            "median_pose_err": 6.486355073723248,
            "median_f_err": 0.09781751869473873,
            "pose_mAA_10": 40.9825,
            "pose_mAA_5": 25.765,
            "pose_mAA_3": 17.008333333333333,
            "f_mAA_10": 30.795000000000005,
            "f_mAA_5": 18.2,
            "f_mAA_3": 12.174999999999999,
            "mean_runtime": 93.40918600949999,
            "mean_inliers": 0.880268869057043,
            "mean_mde_runtime": 54.330420206250004
        }
    },
    "DepthPro-vitl": {
        "vf_shift": {
            "median_pose_err": 9.591440068680125,
            "median_f_err": 0.15600248324820315,
            "pose_mAA_10": 31.494999999999994,
            "pose_mAA_5": 18.439999999999998,
            "pose_mAA_3": 11.2,
            "f_mAA_10": 22.3075,
            "f_mAA_5": 12.905000000000003,
            "f_mAA_3": 8.391666666666667,
            "mean_runtime": 109.00038668925,
            "mean_inliers": 0.8540913579535041,
            "mean_mde_runtime": 106.4322783975
        }
    },
    "DepthProCalib-vitl": {
        "vf_shift": {
            "median_pose_err": 9.72634378747139,
            "median_f_err": 0.15565441107669858,
            "pose_mAA_10": 31.2575,
            "pose_mAA_5": 18.285,
            "pose_mAA_3": 11.05,
            "f_mAA_10": 22.010000000000005,
            "f_mAA_5": 12.770000000000001,
            "f_mAA_3": 8.341666666666669,
            "mean_runtime": 103.8765080255,
            "mean_inliers": 0.853633723174514,
            "mean_mde_runtime": 106.52840671375002
        }
    },
    "Metric3DV2-vit_giant2": {
        "vf_shift": {
            "median_pose_err": 8.80601139695295,
            "median_f_err": 0.13847375172851006,
            "pose_mAA_10": 32.955,
            "pose_mAA_5": 19.205,
            "pose_mAA_3": 11.908333333333333,
            "f_mAA_10": 24.137500000000003,
            "f_mAA_5": 13.96,
            "f_mAA_3": 9.341666666666667,
            "mean_runtime": 115.3579131025,
            "mean_inliers": 0.8570625347864328,
            "mean_mde_runtime": 647.4429601200001
        }
    },
    "Metric3DV2-vit_large": {
        "vf_shift": {
            "median_pose_err": 7.963114949812452,
            "median_f_err": 0.13013030764334876,
            "pose_mAA_10": 35.2675,
            "pose_mAA_5": 21.13,
            "pose_mAA_3": 13.075000000000001,
            "f_mAA_10": 24.6475,
            "f_mAA_5": 14.104999999999999,
            "f_mAA_3": 9.308333333333334,
            "mean_runtime": 101.94316878475,
            "mean_inliers": 0.861151898377454,
            "mean_mde_runtime": 224.32434916875002
        }
    },
    "Metric3DV2-vit_small": {
        "vf_shift": {
            "median_pose_err": 9.733379447732021,
            "median_f_err": 0.15832786246386246,
            "pose_mAA_10": 29.659999999999997,
            "pose_mAA_5": 16.075,
            "pose_mAA_3": 9.416666666666666,
            "f_mAA_10": 20.812499999999996,
            "f_mAA_5": 11.685,
            "f_mAA_3": 7.3916666666666675,
            "mean_runtime": 106.38987303325,
            "mean_inliers": 0.8593949766811168,
            "mean_mde_runtime": 46.58531673375
        }
    },
    "MoGeV1-moge-vitl": {
        "vf_shift": {
            "median_pose_err": 3.7773964828969184,
            "median_f_err": 0.05913010389854757,
            "pose_mAA_10": 54.7725,
            "pose_mAA_5": 39.38,
            "pose_mAA_3": 28.866666666666667,
            "f_mAA_10": 43.5825,
            "f_mAA_5": 28.410000000000004,
            "f_mAA_3": 19.616666666666667,
            "mean_runtime": 97.3814773125,
            "mean_inliers": 0.8994454269011639,
            "mean_mde_runtime": 87.85667439000001
        }
    },
    "MoGeV1Calib-moge-vitl": {
        "vf_shift": {
            "median_pose_err": 3.7697496155740446,
            "median_f_err": 0.05822159804491132,
            "pose_mAA_10": 54.84500000000001,
            "pose_mAA_5": 39.364999999999995,
            "pose_mAA_3": 28.833333333333332,
            "f_mAA_10": 43.755,
            "f_mAA_5": 28.470000000000002,
            "f_mAA_3": 19.674999999999997,
            "mean_runtime": 96.09983877124999,
            "mean_inliers": 0.8994826417982216,
            "mean_mde_runtime": 87.0690533025
        }
    },
    "MoGeV2-moge-2-vitl": {
        "vf_shift": {
            "median_pose_err": 4.37570083399129,
            "median_f_err": 0.06552741637018611,
            "pose_mAA_10": 51.300000000000004,
            "pose_mAA_5": 35.89,
            "pose_mAA_3": 26.0,