{
    "DepthAnythingV2-vitb": {
        "vf_shift": {
            "median_pose_err": 136.7504892799926,
            "median_f_err": 1.4019874654983693,
            "pose_mAA_10": 2.7350000000000003,
            "pose_mAA_5": 1.535,
            "pose_mAA_3": 0.9249999999999999,
            "f_mAA_10": 4.7325,
            "f_mAA_5": 2.3149999999999995,
            "f_mAA_3": 1.333333333333333,
            "mean_runtime": 101.7533319375,
            "mean_inliers": 0.7146188531687383,
            "mean_mde_runtime": 56.695215797500005
        }
    },
    "DepthAnythingV2-vitl": {
        "vf_shift": {
            "median_pose_err": 138.16681803289902,
            "median_f_err": 1.1297391053255954,
            "pose_mAA_10": 1.6150000000000002,
            "pose_mAA_5": 0.74,
            "pose_mAA_3": 0.3416666666666666,
            "f_mAA_10": 3.1,
            "f_mAA_5": 1.3549999999999998,
            "f_mAA_3": 0.7333333333333333,
            "mean_runtime": 108.73631975675,
            "mean_inliers": 0.6906936340698049,
            "mean_mde_runtime": 128.60231487624998
        }
    },
    "DepthAnythingV2-vits": {
        "vf_shift": {
            "median_pose_err": 137.15159739906966,
            "median_f_err": 1.1719106932832082,
            "pose_mAA_10": 2.9125,
            "pose_mAA_5": 1.6800000000000002,
            "pose_mAA_3": 1.0916666666666666,
            "f_mAA_10": 4.915,
            "f_mAA_5": 2.355,
            "f_mAA_3": 1.4249999999999998,
            "mean_runtime": 94.96893765825,
            "mean_inliers": 0.7170766071400954,
            "mean_mde_runtime": 38.26438444875
        }
    },
    "DepthAnythingV3-DA3METRIC-LARGE": {
        "vf_shift": {
            "median_pose_err": 8.21409199392415,
            "median_f_err": 0.12729714401229505,
            "pose_mAA_10": 34.3225,
            "pose_mAA_5": 19.395,
            "pose_mAA_3": 11.383333333333335,
            "f_mAA_10": 25.0425,
            "f_mAA_5": 14.235000000000001,
            "f_mAA_3": 9.158333333333333,
            "mean_runtime": 112.646794854,
            "mean_inliers": 0.8696009077173705,
            "mean_mde_runtime": 57.823051225
        }
    },
    "DepthAnythingV3-DA3MONO-LARGE": {
        "vf_shift": {
            "median_pose_err": 6.472501895188239,
            "median_f_err": 0.09771762779692374,
            "pose_mAA_10": 41.082499999999996,
            "pose_mAA_5": 25.905,
            "pose_mAA_3": 17.049999999999997,
            "f_mAA_10": 30.785000000000007,
            "f_mAA_5": 18.055,
            "f_mAA_3": 12.066666666666666,
            "mean_runtime": 100.71092701475,
            "mean_inliers": 0.8803171170206544,
            "mean_mde_runtime": 54.9912709175
        }
    },
    "DepthAnythingV3Calib-DA3METRIC-LARGE": {
        "vf_shift": {
            "median_pose_err": 8.132561014169248,
            "median_f_err": 0.12818675142727282,
            "pose_mAA_10": 34.260000000000005,
            "pose_mAA_5": 19.3,
            "pose_mAA_3": 11.333333333333334,
            "f_mAA_10": 24.947500000000005,
            "f_mAA_5": 14.129999999999999,
            "f_mAA_3": 8.983333333333333,
            "mean_runtime": 104.00089689875001,
            "mean_inliers": 0.8696168867762751,
            "mean_mde_runtime": 54.808556210000006
        }
    },
    "DepthAnythingV3Calib-DA3MONO-LARGE": {
        "vf_shift": {
            "median_pose_err": 6.473050438202198,
            "median_f_err": 0.09781751869473873,
            "pose_mAA_10": 41.0025,
            "pose_mAA_5": 25.765000000000004,
            "pose_mAA_3": 17.0,
            "f_mAA_10": 30.78,
            "f_mAA_5": 18.180000000000003,
            "f_mAA_3": 12.166666666666666,
            "mean_runtime": 102.10182143575,
            "mean_inliers": 0.8803408432839963,
            "mean_mde_runtime": 54.330420206250004
        }
    },
    "DepthPro-vitl": {
        "vf_shift": {
            "median_pose_err": 9.57958954951878,
            "median_f_err": 0.15433856579389277,
            "pose_mAA_10": 31.5125,
            "pose_mAA_5": 18.445,
            "pose_mAA_3": 11.200000000000001,
            "f_mAA_10": 22.365,
            "f_mAA_5": 12.945,
            "f_mAA_3": 8.441666666666665,
            "mean_runtime": 109.972145,
            "mean_inliers": 0.8541842001795731,
            "mean_mde_runtime": 106.4322783975
        }
    },
    "DepthProCalib-vitl": {
        "vf_shift": {
            "median_pose_err": 9.7192268170624,
            "median_f_err": 0.15518544043274352,
            "pose_mAA_10": 31.279999999999998,
            "pose_mAA_5": 18.31,
            "pose_mAA_3": 11.058333333333332,
            "f_mAA_10": 22.032499999999995,
            "f_mAA_5": 12.8,
            "f_mAA_3": 8.383333333333333,
            "mean_runtime": 98.60853006675,
            "mean_inliers": 0.8537474076906182,
            "mean_mde_runtime": 106.52840671375002
        }
    },
    "Metric3DV2-vit_giant2": {
        "vf_shift": {
            "median_pose_err": 8.837224321136176,
            "median_f_err": 0.1384996825046763,
            "pose_mAA_10": 32.9125,
            "pose_mAA_5": 19.21,
            "pose_mAA_3": 11.925,
            "f_mAA_10": 24.14,
            "f_mAA_5": 13.969999999999999,
            "f_mAA_3": 9.325,
            "mean_runtime": 116.15998654725,
            "mean_inliers": 0.8572850330530212,
            "mean_mde_runtime": 647.4429601200001
        }
    },
    "Metric3DV2-vit_large": {
        "vf_shift": {
            "median_pose_err": 7.930841759796552,
            "median_f_err": 0.12980314185035718,
            "pose_mAA_10": 35.3775,
            "pose_mAA_5": 21.22,
            "pose_mAA_3": 13.125,
            "f_mAA_10": 24.665,
            "f_mAA_5": 14.129999999999999,
            "f_mAA_3": 9.349999999999998,
            "mean_runtime": 111.05452375575,
            "mean_inliers": 0.8612752956086157,
            "mean_mde_runtime": 224.32434916875002
        }
    },
    "Metric3DV2-vit_small": {
        "vf_shift": {
            "median_pose_err": 9.687772042007072,
            "median_f_err": 0.15832786246386246,
            "pose_mAA_10": 29.705,
            "pose_mAA_5": 16.055000000000003,
            "pose_mAA_3": 9.383333333333333,
            "f_mAA_10": 20.852500000000003,
            "f_mAA_5": 11.715,
            "f_mAA_3": 7.416666666666666,
            "mean_runtime": 112.3636362515,
            "mean_inliers": 0.8594183702032135,
            "mean_mde_runtime": 46.58531673375
        }
    },
    "MoGeV1-moge-vitl": {
        "vf_shift": {
            "median_pose_err": 3.76050614860904,
            "median_f_err": 0.05853055620571347,
            "pose_mAA_10": 54.80750000000001,
            "pose_mAA_5": 39.42,
            "pose_mAA_3": 28.9,
            "f_mAA_10": 43.70250000000001,
            "f_mAA_5": 28.494999999999997,
            "f_mAA_3": 19.674999999999997,
            "mean_runtime": 96.04220817075,
            "mean_inliers": 0.8994918196433541,
            "mean_mde_runtime": 87.85667439000001
        }
    },
    "MoGeV1Calib-moge-vitl": {
        "vf_shift": {
            "median_pose_err": 3.7498732833290673,
            "median_f_err": 0.057898454414486086,
            "pose_mAA_10": 54.94749999999999,
            "pose_mAA_5": 39.44499999999999,
            "pose_mAA_3": 28.858333333333334,
            "f_mAA_10": 43.85249999999999,
            "f_mAA_5": 28.54,
            "f_mAA_3": 19.71666666666666,
            "mean_runtime": 89.528026998,
            "mean_inliers": 0.8995228994091748,
            "mean_mde_runtime": 87.0690533025
        }
    },
    "MoGeV2-moge-2-vitl": {
        "vf_shift": {
            "median_pose_err": 4.377077713566572,
            "median_f_err": 0.06570316459322124,
            "pose_mAA_10": 51.29999999999999,
            "pose_mAA_5": 35.85,
            "pose_mAA_3": 25.983333333333334,
            "f_mAA_10": 40.714999999999996,